platenumber,capacity,coords,driverid,routeid
PLT001,18,"(14.64771, 121.06385)",1,1
PLT002,20,"(14.64780, 121.06537)",2,2
PLT003,18,"(14.64722, 121.06789)",3,3
PLT004,20,"(14.65455, 121.07311)",4,4
PLT005,18,"(14.65942, 121.07250)",5,5