platenumber,capacity,coords,driverid,routeid
PLT001,18,"(14.647712102528592, 121.06385850423928)",1,1
PLT002,20,"(14.647807309146891, 121.06537885865805)",2,2
PLT003,18,"(14.647226548271563, 121.06789310211127)",3,3
PLT004,20,"(14.654552022381466, 121.0731139626612)",4,4
PLT005,18,"(14.659425327795493, 121.07250813528624)",5,5