platenumber,capacity,driverId,routeName,coords
PLT001,18,1,Ikot,"(14.647712102528592, 121.06385850423928)"
PLT002,20,2,Toki,"(14.647807309146891, 121.06537885865805)"
PLT003,18,3,Philcoa,"(14.647226548271563, 121.06789310211127)"
PLT004,20,4,Pantranco,"(14.654552022381466, 121.0731139626612)"
PLT005,18,5,Katipunan,"(14.659425327795493, 121.07250813528624)"