id,coords
1,"(14.647712102528592, 121.06385850423928)"
2,"(14.647807309146891, 121.06537885865805)"
3,"(14.647226548271563, 121.06789310211127)"
4,"(14.654552022381466, 121.0731139626612)"
5,"(14.659425327795493, 121.07250813528624)"